CustomerID,Name,Address
1,ANDREW ANDERSON,"1779 Niguel Rd,Newport Beach,CA 92662-3286"
2,GRAYSON LOPEZ,"3911 Bayside Dr,Tustin,CA 92782-2535"
3,NOAH BAILEY,"7024 Pacific Coast Hwy Rd,Huntington Beach,CA 92649-5557"
4,HENRY RAMIREZ,"5735 Seashore Dr,Corona Del Mar,CA 92625-2584"
5,ELIJAH SANDERS,"1391 Shell Ave,Fountain Valley,CA 92708"
6,SKYLAR RICHARDSON,"3833 Irvine Ave,Corona Del Mar,CA 92625"
7,MIA ROBINSON,"6165 Bayview Pl,Costa Mesa,CA 92627-6977"
8,CHARLES WRIGHT,"8851 Bayview Pl,Aliso Viejo,CA 92656"
9,ABIGAIL REYES,"9225 Von Karman Ave,Newport Coast,CA 92657"
10,JAYDEN FOSTER,"6672 Avocado Ave,Newport Beach,CA 92661"
11,DANIEL REED,"7617 Coral St Apt 143,Corona Del Mar,CA 92625"
12,MICHAEL MYERS,"6643 Barranca Pkwy,Santa Ana,CA 92706-8019"
13,BENJAMIN ROGERS,"2604 17th St,Fountain Valley,CA 92708"
14,CHRISTOPHER DIAZ,"7768 Yale Ave,Tustin,CA 92780"
15,BROOKLYN JOHNSON,"4471 Crown Valley Pkwy,Aliso Viejo,CA 92656"
16,WILLIAM ANDERSON,"4415 Laguna Canyon Rd,Laguna Beach,CA 92652-1053"
17,JONATHAN THOMPSON,"8417 Santa Ana Ave,Santa Ana,CA 92701"
18,HENRY MITCHELL,"419 Main St Apt 372,Irvine,CA 92602"
19,LUKE WALKER,"1503 Jamboree Rd,Newport Beach,CA 92661"
20,ISABELLA ROSS,"2805 Michelson Dr,Santa Ana,CA 92703-8787"
21,RYAN DIAZ,"6218 Coral St,Huntington Beach,CA 92647"
22,MILA EDWARDS,"9738 Newport Blvd,Costa Mesa,CA 92626-6539"
23,NATHAN LEWIS,"3850 Dover Dr Apt 33,Newport Beach,CA 92660"
24,ZOEY MARTINEZ,"8934 Bayside Dr Apt 958,Santa Ana,CA 92703-8953"
25,CALEB KELLY,"3219 Begonia Ave Apt 675,Fountain Valley,CA 92708"
26,MATEO RIVERA,"987 Laguna Canyon Rd,Newport Coast,CA 92657"
27,LUCY GONZALEZ,"4173 Harbor Blvd,Newport Beach,CA 92663"
28,PAISLEY EDWARDS,"1335 Orchard Dr,Irvine,CA 92618-8579"
29,BROOKLYN GONZALEZ,"3972 Bear St Apt 498,Newport Beach,CA 92660"
30,DYLAN RAMIREZ,"4445 Shell Ave,Newport Coast,CA 92657-1035"
31,ADDISON TORRES,"1058 Bayside Dr,Newport Coast,CA 92657-5861"
32,GRAYSON DAVIS,"8801 Brookhurst St Apt 984,Corona Del Mar,CA 92625-8811"
33,JACKSON HERNANDEZ,"3953 Red Hill Ave,Irvine,CA 92603"
34,VIOLET YOUNG,"9662 Begonia Ave,Tustin,CA 92780"
35,LAYLA KING,"5015 MacArthur Blvd,Huntington Beach,CA 92648-7484"
36,ALICE MARTINEZ,"1738 Culver Dr Apt 219,Newport Beach,CA 92663"
37,NATALIE KING,"6154 Orchard Dr,Irvine,CA 92614"
38,LILLIAN COOPER,"5005 Michelson Dr,Laguna Beach,CA 92651"
39,ETHAN MOORE,"9164 Niguel Rd Apt 289,Laguna Beach,CA 92651"
40,RYAN CLARK,"8380 Mesa Dr,Corona Del Mar,CA 92625"
41,SOPHIA LOPEZ,"158 Irvine Ave,Aliso Viejo,CA 92656"
42,HARPER BROOKS,"7107 Michelson Dr,Laguna Beach,CA 92651"
43,AMELIA MARTINEZ,"9152 Barranca Pkwy Apt 131,Irvine,CA 92602"
44,ELIJAH FLORES,"4188 Bayside Dr,Corona Del Mar,CA 92625"
45,JULIAN JIMENEZ,"2632 Niguel Rd,Santa Ana,CA 92705"
46,ELLA LEE,"6845 Victoria St,Irvine,CA 92618-6442"
47,ALEXA YOUNG,"6367 Harbor Blvd,Laguna Beach,CA 92651"
48,AUBREY LEWIS,"3264 Vista Del Oro St,Huntington Beach,CA 92649-4728"
49,JACOB RODRIGUEZ,"8885 Coral St,Laguna Beach,CA 92652"
50,NOAH ANDERSON,"726 Mesa Dr Apt 445,Laguna Beach,CA 92651"
51,NORA SANDERS,"1994 Brookhurst St,Corona Del Mar,CA 92625"
52,CALEB HARRIS,"8921 Pacific Coast Hwy Ter,Laguna Beach,CA 92651"
53,ALEXA PATEL,"5509 Bison Ave,Aliso Viejo,CA 92656"
54,BELLA THOMAS,"6692 Avocado Ave,Laguna Beach,CA 92652"
55,BROOKLYN TAYLOR,"2951 Shell Ave,Huntington Beach,CA 92649"
56,RILEY PHILLIPS,"9602 Carnation Ave,Santa Ana,CA 92701-4443"
57,JAYDEN REYES,"7852 Brookhurst St,Fountain Valley,CA 92708"
58,ALEXA PEREZ,"3948 Jamboree Rd,Aliso Viejo,CA 92656-6491"
59,AVERY SANCHEZ,"1293 University Dr,Irvine,CA 92602-8784"
60,SKYLAR KELLY,"2517 Orchard Dr,Huntington Beach,CA 92649"
61,OLIVIA LONG,"922 Huntington St,Costa Mesa,CA 92627-9486"
62,JAMES COLLINS,"9855 Michelson Dr,Irvine,CA 92620"
63,ALICE CRUZ,"7405 Michelson Dr,Tustin,CA 92782"
64,ISAIAH STEWART,"4643 Von Karman Ave,Fountain Valley,CA 92708"
65,MILA MORALES,"4781 Sand Canyon Ave,Aliso Viejo,CA 92656-2269"
66,ZOEY GREEN,"2603 Shell Ave,Santa Ana,CA 92701-4788"
67,ISABELLA TURNER,"1120 Begonia Ave,Newport Coast,CA 92657"
68,LEVI ROBERTS,"9532 Bear St,Tustin,CA 92780"
69,OLIVIA RIVERA,"8918 Begonia Ave,Laguna Beach,CA 92652"
70,GRAYSON COX,"575 Main St,Huntington Beach,CA 92649-8140"
71,CHARLES GRAY,"8851 MacArthur Blvd Apt 404,Newport Coast,CA 92657"
72,NATHAN REED,"7664 MacArthur Blvd,Aliso Viejo,CA 92656-8022"
73,ALEXANDER CARTER,"6311 Goldenrod Ave,Corona Del Mar,CA 92625"
74,LEVI ALLEN,"5833 Dover Dr,Costa Mesa,CA 92627-9837"
75,ISABELLA JIMENEZ,"3366 Orchard Dr,Aliso Viejo,CA 92656"
76,ASHER MARTIN,"9340 17th St,Huntington Beach,CA 92647"
77,ANTHONY HUGHES,"2783 Fairview Rd,Laguna Beach,CA 92652-2876"
78,ETHAN HOWARD,"6598 Shell Ave,Newport Beach,CA 92662"
79,OWEN MARTINEZ,"9937 Red Hill Ave,Tustin,CA 92780-5941"
80,VIOLET GARCIA,"8389 Bison Ave,Corona Del Mar,CA 92625"
81,LIAM TURNER,"7632 Ocean Blvd,Fountain Valley,CA 92708"
82,MATEO THOMPSON,"8021 Fairview Rd,Santa Ana,CA 92707-9817"
83,HUDSON RAMOS,"4669 Jamboree Rd,Laguna Beach,CA 92652"
84,MICHAEL LONG,"3079 Avocado Ave,Fountain Valley,CA 92708-9098"
85,JULIAN KING,"4626 Tustin Ranch Rd,Corona Del Mar,CA 92625"
86,MILA HARRIS,"9196 Main St,Costa Mesa,CA 92626"
87,ANNA STEWART,"1624 Newport Blvd,Aliso Viejo,CA 92656"
88,JOSEPH RUIZ,"7853 Ocean Blvd,Huntington Beach,CA 92648"
89,NORA DIAZ,"4538 Huntington St,Santa Ana,CA 92704"
90,WYATT THOMAS,"3133 Bear St,Huntington Beach,CA 92648-9779"
91,ALEXA MORRIS,"4953 Marguerite Ave,Laguna Beach,CA 92652"
92,EMILY HILL,"4886 Michelson Dr,Newport Beach,CA 92661-1893"
93,HARPER BROOKS,"4758 Culver Dr,Fountain Valley,CA 92708"
94,LILLIAN BAKER,"1170 17th St,Irvine,CA 92602-8827"
95,MASON KELLY,"4166 Jamboree Rd Apt 783,Aliso Viejo,CA 92656-5978"
96,LEVI COX,"7481 Shell Ave,Tustin,CA 92780"
97,RILEY RAMOS,"1725 Dover Dr,Newport Coast,CA 92657"
98,SOFIA WATSON,"4029 Bayview Pl Apt 77,Huntington Beach,CA 92648"
99,ABIGAIL SMITH,"4871 Beach Blvd Apt 296,Newport Coast,CA 92657"
100,STELLA TORRES,"9763 Mesa Dr,Fountain Valley,CA 92708"
